Height,Diameter,Weight,Hue,Type
0.12104030123808,0.12650203192142,0.34396086990053,4.3503624429246,Plastic
0.16786097221396,0.15,0.5930483566939,2.9647615250842,Plastic
0.076760411036578,0.03,0.11216255342479,3.8144824166174,Metal
0.1695801764965,0.14464168855266,0.51760843706465,3.3605875056823,Plastic
0.093276659261764,0.088730958685818,0.3606803254305,2.9359626242292,Metal
0.084282068386101,0.069678743679811,0.24651056793065,4.6134331749023,Metal